{
  "frontend/next-env.d.ts": 1775948032.6936538,
  "frontend/tailwind.config.ts": 1775949518.997116,
  "frontend/vitest.config.ts": 1775959761.9007423,
  "frontend/postcss.config.js": 1775949524.31634,
  "frontend/app/layout.tsx": 1775947053.6790855,
  "frontend/app/page.tsx": 1775952731.4716666,
  "frontend/app/dashboard/page.tsx": 1776369794.439293,
  "frontend/app/(auth)/login/page.tsx": 1775955775.7512038,
  "frontend/app/trips/page.tsx": 1776370504.183948,
  "frontend/app/trips/[id]/page.tsx": 1776369668.047423,
  "frontend/tests/store.test.ts": 1776291142.6440172,
  "frontend/tests/Timeline.test.tsx": 1776291057.7686079,
  "frontend/tests/IdeaBin.test.tsx": 1776291201.5000792,
  "frontend/tests/setup.ts": 1776010558.7059834,
  "frontend/tests/TripHub.test.tsx": 1776010719.0848627,
  "frontend/components/layout/Navbar.tsx": 1775951103.6669307,
  "frontend/components/layout/Collaborators.tsx": 1775948185.683845,
  "frontend/components/map/GoogleMap.tsx": 1775947512.1799064,
  "frontend/components/trip/IdeaBin.tsx": 1776370549.0675185,
  "frontend/components/trip/Timeline.tsx": 1776368281.0578377,
  "frontend/components/trip/ConciergeActionBar.tsx": 1776012241.1863058,
  "frontend/components/trip/VibeCheck.tsx": 1775948167.5767124,
  "frontend/hooks/useAuth.tsx": 1776360061.3321748,
  "frontend/lib/store.ts": 1776369580.7981474,
  "tests/api/conftest.py": 1775956437.5233781,
  "tests/api/test_auth.py": 1775956381.5389407,
  "tests/api/test_trips.py": 1775956399.8061054,
  "tests/api/test_events.py": 1775956464.1505015,
  "backend/app/__init__.py": 1775947022.365083,
  "backend/app/main.py": 1776360061.3322163,
  "backend/app/core/config.py": 1775955703.509051,
  "backend/app/core/security.py": 1775956275.4252422,
  "backend/app/core/__init__.py": 1775947022.365321,
  "backend/app/models/all_models.py": 1776369437.3296454,
  "backend/app/models/__init__.py": 1775947022.3654902,
  "backend/app/schemas/event.py": 1776369443.9750123,
  "backend/app/schemas/trip.py": 1776369701.2834969,
  "backend/app/schemas/__init__.py": 1775947022.3655717,
  "backend/app/db/base_class.py": 1775947219.1069088,
  "backend/app/db/session.py": 1775947216.9615827,
  "backend/app/db/__init__.py": 1775947022.3654048,
  "backend/app/api/deps.py": 1775955708.357494,
  "backend/app/api/__init__.py": 1775949314.0463214,
  "backend/app/api/router.py": 1775947024.5432408,
  "backend/app/api/endpoints/users.py": 1775956667.949949,
  "backend/app/api/endpoints/events.py": 1776369529.2958512,
  "backend/app/api/endpoints/__init__.py": 1775947045.2855034,
  "backend/app/api/endpoints/trips.py": 1776369716.2990742,
  "backend/app/services/google_maps.py": 1775947311.761558,
  "backend/app/services/idea_bin.py": 1776368406.7928426,
  "backend/app/services/__init__.py": 1775947022.3656518,
  "backend/app/services/nlp_service.py": 1775956608.4108722,
  "backend/app/services/quick_add.py": 1775948095.1304443,
  "backend/app/services/ripple_engine.py": 1775947523.0128539,
  "backend/tests/conftest.py": 1775958973.8846428,
  "backend/tests/test_idea_bin.py": 1775949137.4346473,
  "backend/tests/test_trips.py": 1775958996.0099006,
  "backend/tests/test_ripple_engine.py": 1775948957.8456237,
  "architecture.md": 1775946746.5007718,
  "APP_RUNNING.md": 1776361399.7645311,
  "roammate-brainstorm.md": 1775991158.12466,
  "DOCKER_SETUP.md": 1776360919.968221,
  "README.md": 1775946989.1117282,
  "CLAUDE.md": 1776292009.5430057,
  "tests/README.md": 1776063713.7833176,
  "backend/requirements.txt": 1775956441.2239404,
  "graphify-out/GRAPH_REPORT.md": 1776370839.1721766
}